{
	"sources" : 
	[
		{
			"file" : "/home/student/facultate/an2/sem2/pa/Proiect/INTegralistii/environment/deps-download/CMakeFiles/zstd-download"
		},
		{
			"file" : "/home/student/facultate/an2/sem2/pa/Proiect/INTegralistii/environment/deps-download/CMakeFiles/zstd-download.rule"
		},
		{
			"file" : "/home/student/facultate/an2/sem2/pa/Proiect/INTegralistii/environment/deps-download/CMakeFiles/zstd-download-complete.rule"
		},
		{
			"file" : "/home/student/facultate/an2/sem2/pa/Proiect/INTegralistii/environment/external/src/zstd-download-stamp/zstd-download-install.rule"
		},
		{
			"file" : "/home/student/facultate/an2/sem2/pa/Proiect/INTegralistii/environment/external/src/zstd-download-stamp/zstd-download-mkdir.rule"
		},
		{
			"file" : "/home/student/facultate/an2/sem2/pa/Proiect/INTegralistii/environment/external/src/zstd-download-stamp/zstd-download-download.rule"
		},
		{
			"file" : "/home/student/facultate/an2/sem2/pa/Proiect/INTegralistii/environment/external/src/zstd-download-stamp/zstd-download-update.rule"
		},
		{
			"file" : "/home/student/facultate/an2/sem2/pa/Proiect/INTegralistii/environment/external/src/zstd-download-stamp/zstd-download-patch.rule"
		},
		{
			"file" : "/home/student/facultate/an2/sem2/pa/Proiect/INTegralistii/environment/external/src/zstd-download-stamp/zstd-download-configure.rule"
		},
		{
			"file" : "/home/student/facultate/an2/sem2/pa/Proiect/INTegralistii/environment/external/src/zstd-download-stamp/zstd-download-build.rule"
		}
	],
	"target" : 
	{
		"labels" : 
		[
			"zstd-download"
		],
		"name" : "zstd-download"
	}
}