{
	"sources" : 
	[
		{
			"file" : "/home/student/facultate/an2/sem2/pa/Proiect/INTegralistii/environment/deps-download/CMakeFiles/catch-download"
		},
		{
			"file" : "/home/student/facultate/an2/sem2/pa/Proiect/INTegralistii/environment/deps-download/CMakeFiles/catch-download.rule"
		},
		{
			"file" : "/home/student/facultate/an2/sem2/pa/Proiect/INTegralistii/environment/deps-download/CMakeFiles/catch-download-complete.rule"
		},
		{
			"file" : "/home/student/facultate/an2/sem2/pa/Proiect/INTegralistii/environment/external/src/catch-download-stamp/catch-download-install.rule"
		},
		{
			"file" : "/home/student/facultate/an2/sem2/pa/Proiect/INTegralistii/environment/external/src/catch-download-stamp/catch-download-mkdir.rule"
		},
		{
			"file" : "/home/student/facultate/an2/sem2/pa/Proiect/INTegralistii/environment/external/src/catch-download-stamp/catch-download-download.rule"
		},
		{
			"file" : "/home/student/facultate/an2/sem2/pa/Proiect/INTegralistii/environment/external/src/catch-download-stamp/catch-download-update.rule"
		},
		{
			"file" : "/home/student/facultate/an2/sem2/pa/Proiect/INTegralistii/environment/external/src/catch-download-stamp/catch-download-patch.rule"
		},
		{
			"file" : "/home/student/facultate/an2/sem2/pa/Proiect/INTegralistii/environment/external/src/catch-download-stamp/catch-download-configure.rule"
		},
		{
			"file" : "/home/student/facultate/an2/sem2/pa/Proiect/INTegralistii/environment/external/src/catch-download-stamp/catch-download-build.rule"
		},
		{
			"file" : "/home/student/facultate/an2/sem2/pa/Proiect/INTegralistii/environment/external/src/catch-download-stamp/catch-download-test.rule"
		}
	],
	"target" : 
	{
		"labels" : 
		[
			"catch-download"
		],
		"name" : "catch-download"
	}
}