{
	"sources" : 
	[
		{
			"file" : "/home/student/facultate/an2/sem2/pa/Proiect/INTegralistii/environment/deps-download/CMakeFiles/tclap-download"
		},
		{
			"file" : "/home/student/facultate/an2/sem2/pa/Proiect/INTegralistii/environment/deps-download/CMakeFiles/tclap-download.rule"
		},
		{
			"file" : "/home/student/facultate/an2/sem2/pa/Proiect/INTegralistii/environment/deps-download/CMakeFiles/tclap-download-complete.rule"
		},
		{
			"file" : "/home/student/facultate/an2/sem2/pa/Proiect/INTegralistii/environment/external/src/tclap-download-stamp/tclap-download-install.rule"
		},
		{
			"file" : "/home/student/facultate/an2/sem2/pa/Proiect/INTegralistii/environment/external/src/tclap-download-stamp/tclap-download-mkdir.rule"
		},
		{
			"file" : "/home/student/facultate/an2/sem2/pa/Proiect/INTegralistii/environment/external/src/tclap-download-stamp/tclap-download-download.rule"
		},
		{
			"file" : "/home/student/facultate/an2/sem2/pa/Proiect/INTegralistii/environment/external/src/tclap-download-stamp/tclap-download-update.rule"
		},
		{
			"file" : "/home/student/facultate/an2/sem2/pa/Proiect/INTegralistii/environment/external/src/tclap-download-stamp/tclap-download-patch.rule"
		},
		{
			"file" : "/home/student/facultate/an2/sem2/pa/Proiect/INTegralistii/environment/external/src/tclap-download-stamp/tclap-download-configure.rule"
		},
		{
			"file" : "/home/student/facultate/an2/sem2/pa/Proiect/INTegralistii/environment/external/src/tclap-download-stamp/tclap-download-build.rule"
		}
	],
	"target" : 
	{
		"labels" : 
		[
			"tclap-download"
		],
		"name" : "tclap-download"
	}
}