{
	"sources" : 
	[
		{
			"file" : "/home/student/facultate/an2/sem2/pa/Proiect/INTegralistii/environment/deps-download/CMakeFiles/nlohmann-download"
		},
		{
			"file" : "/home/student/facultate/an2/sem2/pa/Proiect/INTegralistii/environment/deps-download/CMakeFiles/nlohmann-download.rule"
		},
		{
			"file" : "/home/student/facultate/an2/sem2/pa/Proiect/INTegralistii/environment/deps-download/CMakeFiles/nlohmann-download-complete.rule"
		},
		{
			"file" : "/home/student/facultate/an2/sem2/pa/Proiect/INTegralistii/environment/external/src/nlohmann-download-stamp/nlohmann-download-install.rule"
		},
		{
			"file" : "/home/student/facultate/an2/sem2/pa/Proiect/INTegralistii/environment/external/src/nlohmann-download-stamp/nlohmann-download-mkdir.rule"
		},
		{
			"file" : "/home/student/facultate/an2/sem2/pa/Proiect/INTegralistii/environment/external/src/nlohmann-download-stamp/nlohmann-download-download.rule"
		},
		{
			"file" : "/home/student/facultate/an2/sem2/pa/Proiect/INTegralistii/environment/external/src/nlohmann-download-stamp/nlohmann-download-update.rule"
		},
		{
			"file" : "/home/student/facultate/an2/sem2/pa/Proiect/INTegralistii/environment/external/src/nlohmann-download-stamp/nlohmann-download-patch.rule"
		},
		{
			"file" : "/home/student/facultate/an2/sem2/pa/Proiect/INTegralistii/environment/external/src/nlohmann-download-stamp/nlohmann-download-configure.rule"
		},
		{
			"file" : "/home/student/facultate/an2/sem2/pa/Proiect/INTegralistii/environment/external/src/nlohmann-download-stamp/nlohmann-download-build.rule"
		}
	],
	"target" : 
	{
		"labels" : 
		[
			"nlohmann-download"
		],
		"name" : "nlohmann-download"
	}
}